nÂºAp,MAC
Ap0,d4:6e:0e:3a:82:ea
Ap1,90:f6:52:dc:17:b0
Ap2,68:ff:7b:61:b4:ec
Ap3,c0:25:67:7a:43:29
Ap4,9a:da:c4:fa:52:da
Ap5,e4:47:b3:b5:41:c0
Ap6,6a:ff:7b:61:b4:ed
Ap7,c0:4a:00:a4:6b:a8
Ap8,0c:80:63:b2:02:02
Ap9,f8:0f:6f:22:42:0f
Ap10,54:e6:fc:da:17:4e
Ap11,0c:80:63:64:f1:a1
Ap12,f8:0f:6f:22:42:00
Ap13,b2:be:76:a0:0b:ee
Ap14,b2:be:76:a0:0b:ef
Ap15,9a:da:c4:fa:52:db
Ap16,9a:da:c4:fa:7d:ce
Ap17,e4:47:b3:f0:3a:38
Ap18,6a:ff:7b:61:b4:ec
Ap19,f8:0f:6f:22:42:4f
Ap20,98:da:c4:fa:52:da
Ap21,74:da:88:d5:4c:e2
Ap22,98:da:c4:fa:52:db
Ap23,b0:be:76:a0:0b:ee
Ap24,90:f6:52:dc:2e:88
Ap25,b0:be:76:a0:0b:ef
Ap26,c2:4a:00:a4:6b:a8
Ap27,90:f6:52:dc:14:b6
Ap28,ac:84:c6:ff:80:2c
Ap29,0c:80:63:64:f3:5a
Ap30,90:f6:52:58:4b:88
Ap31,a8:b4:56:0d:b4:a0
Ap32,92:f6:52:f5:d2:be
Ap33,90:f6:52:f5:d1:d8
Ap34,92:f6:52:f5:d1:7a
Ap35,92:f6:52:f5:d1:d8
Ap36,90:f6:52:f5:d2:be
Ap37,f8:0f:6f:f9:98:00
Ap38,68:ff:7b:61:b4:ed
Ap39,e4:47:b3:f0:d6:74
Ap40,9a:da:c4:fa:54:01
Ap41,90:f6:52:f5:d7:4e
Ap42,90:f6:52:f5:d1:7a
Ap43,c0:9f:e1:cc:31:28
Ap44,50:d4:f7:3c:d6:2e
Ap45,b0:be:76:db:8d:98
Ap46,98:da:c4:fa:53:95
Ap47,90:f6:52:f5:d7:50
Ap48,0c:80:63:64:f1:ec
Ap49,0e:80:63:64:f1:ec
Ap50,f8:0f:6f:90:80:00
Ap51,98:da:c4:fa:7d:ce
Ap52,5c:3a:3d:a2:0c:9f
Ap53,92:f6:52:dc:14:b6
Ap54,90:f6:52:f5:d0:da
Ap55,9a:da:c4:e1:8a:21
Ap56,34:4b:50:28:a4:88
Ap57,98:da:c4:e1:8a:21
Ap58,40:3f:8c:f8:b0:7a
Ap59,f8:0f:6f:d7:52:00
Ap60,0c:80:63:64:f2:d3
Ap61,90:f6:52:f5:d2:fc
Ap62,d8:47:32:60:a3:56
Ap63,9a:da:c4:fa:53:95
Ap64,d8:07:b6:16:16:94
Ap65,ae:84:c6:ff:80:2c
Ap66,0e:80:63:64:f1:a1
Ap67,e4:c3:2a:1b:b6:c3
Ap68,f4:b5:aa:80:cf:b4
Ap69,8c:e0:81:7d:a5:a8
Ap70,0c:80:63:64:f3:2d
Ap71,8c:e0:81:7d:e2:02
Ap72,0e:80:63:64:f2:d3
Ap73,92:f6:52:f5:d0:da
Ap74,90:f6:52:dc:17:08
Ap75,0e:80:63:64:f3:2d
Ap76,34:fa:40:0a:ee:6e
Ap77,40:3f:8c:f8:b0:7b
Ap78,98:da:c4:fa:57:ee
Ap79,8c:e1:17:e0:2d:06
Ap80,98:da:c4:fa:54:01
Ap81,d8:07:b6:15:b5:b8
Ap82,34:fa:40:02:c0:4c
Ap83,68:57:2d:8e:a1:6e
Ap84,0e:80:63:64:f3:5a
Ap85,84:74:2a:00:ca:8a
Ap86,f8:0f:6f:f9:af:80
Ap87,ac:84:c6:cd:49:e6
Ap88,d8:47:32:7d:5e:77
Ap89,24:d3:f2:f9:87:f6
Ap90,92:f6:52:f5:d7:4e
Ap91,b0:4e:26:87:71:1e
Ap92,b0:95:75:fc:ff:77
Ap93,a8:b4:56:0d:b4:af
Ap94,f8:0f:6f:f9:98:0f
Ap95,f8:0f:6f:22:42:40
Ap96,98:da:c4:fa:3e:b9
Ap97,f8:0f:6f:d7:52:0f
Ap98,92:f6:52:f5:d2:fc
Ap99,9a:da:c4:fa:3e:b9
Ap100,e4:c3:2a:1b:b6:c2
Ap101,f8:0f:6f:90:80:0f
Ap102,9a:da:c4:fa:57:ee
Ap103,92:f6:52:dc:17:08
Ap104,60:32:b1:1b:2d:b6
Ap105,c0:4a:00:65:a5:94
Ap106,b0:be:76:a9:5e:6e
Ap107,8c:e0:81:7d:f2:4c
Ap108,20:e8:82:d4:be:c0
Ap109,92:f6:52:f5:d6:b2
Ap110,90:f6:52:f5:d6:b2
Ap111,34:fa:40:00:42:11
Ap112,f4:f2:6d:af:63:2c
Ap113,34:4b:50:27:c7:ed
Ap114,c4:e9:84:60:8d:9c
Ap115,90:f6:52:dc:2c:66
Ap116,68:ff:7b:13:f3:dc
Ap117,a0:04:60:89:27:fd
Ap118,a0:f3:c1:d4:35:70
Ap119,f4:b5:aa:80:88:14
Ap120,38:46:08:53:2b:36
Ap121,2c:95:7f:61:3a:9c
Ap122,f8:0f:6f:90:5e:40
Ap123,f8:0f:6f:22:05:8f
Ap124,00:31:92:33:75:03
Ap125,4c:5e:0c:f2:53:75
Ap126,32:cd:a7:23:93:87
Ap127,a0:f3:c1:d4:36:bc
Ap128,84:74:2a:03:21:18
Ap129,34:4d:ea:61:60:58
Ap130,34:4d:ea:61:62:06
Ap131,f8:d1:11:ad:95:72
Ap132,9a:da:c4:e1:88:20
Ap133,32:cd:a7:19:b5:39
Ap134,60:32:b1:1b:32:0e
Ap135,00:e0:20:24:5d:1f
Ap136,c2:41:54:f1:9a:72
Ap137,90:f6:52:f5:d7:0e
